<?xml  version="1.0" encoding="UTF-8"?>
 <beans xmlns="http://www.springframework.org/schema/beans"
     xmlns:xsi="http://www.w3.org/2001/XMLSchema-instance" 
        xmlns:context="http://www.springframework.org/schema/context"  
          xmlns:mvc="http://www.springframework.org/schema/mvc"   
           xsi:schemaLocation="http://www.springframework.org/schema/beans
            http://www.springframework.org/schema/beans/spring-beans-3.0.xsd 
                    http://www.springframework.org/schema/context
                     http://www.springframework.org/schema/context/spring-context-3.0.xsd 
                              http://www.springframework.org/schema/mvc 
                              http://www.springframework.org/schema/mvc/spring-mvc.xsd">   
  
 <!-- telling container to take care of annotations stuff -->  
 <context:annotation-config />  
    <mvc:annotation-driven/> 
 <!-- declaring base package -->  
 <context:component-scan base-package="com.MES" />  
   
 <!-- adding view resolver to show jsp's on browser -->  
 <bean id="viewResolver"  
  class="org.springframework.web.servlet.view.InternalResourceViewResolver">  
  <property name="prefix" value="/WEB-INF/jsp/" />  
  <property name="suffix" value=".jsp" />  
 </bean> 
 

  
 <!-- declare beans -->  
 <bean id="userDao" class="com.MES.dao.TablesDaoImpl" />  
  <bean id="userService" class="com.MES.services.DataServiceImpl" /> 
    
 <!-- declare datasource bean -->  
 <bean id="dataSource"  
  class="org.springframework.jdbc.datasource.DriverManagerDataSource">  
  <property name="driverClassName" value="oracle.jdbc.driver.OracleDriver" />  
  <property name="url" value="jdbc:oracle:thin:@localhost:1521" />  
  <property name="username" value="system" />  
  <property name="password" value="mestool" />  
 </bean>  

</beans>  
